{
  "app": {
    "name": "Good Faith Exteriors Headless App",
    "version": "1.0.0",
    "description": "Headless application for customer portal and API access"
  },
  "api": {
    "base_url": "https://gfe-backend-837326026335.us-central1.run.app/api",
    "endpoints": {
      "customer_projects": "/customer/projects",
      "customer_quotes": "/customer/quotes",
      "customer_feedback": "/customer/feedback",
      "schedule_appointment": "/customer/appointment"
    },
    "authentication": {
      "type": "bearer_token",
      "login_endpoint": "/auth/login",
      "register_endpoint": "/auth/register",
      "verify_endpoint": "/auth/verify",
      "reset_endpoint": "/auth/reset"
    }
  },
  "features": {
    "customer_portal": true,
    "project_tracking": true,
    "quote_management": true,
    "appointment_scheduling": true,
    "feedback_system": true,
    "document_access": true
  },
  "security": {
    "cors_enabled": true,
    "rate_limiting": true,
    "request_validation": true,
    "data_encryption": true
  }
}