{
  "timestamp": "2025-06-30 04:52:53",
  "tests": {
    "backend_connectivity": {
      "status": "FAIL",
      "message": "Backend returned status 403",
      "timestamp": "04:52:53"
    },
    "html_components": {
      "status": "PASS",
      "message": "All 5 components are valid",
      "timestamp": "04:52:53"
    },
    "widget_functionality": {
      "status": "PASS",
      "message": "All 3 widgets are functional",
      "timestamp": "04:52:53"
    },
    "webhook_configuration": {
      "status": "PASS",
      "message": "All 3 webhooks are configured",
      "timestamp": "04:52:53"
    },
    "headless_app_structure": {
      "status": "PASS",
      "message": "All 3 headless app files are valid",
      "timestamp": "04:52:53"
    },
    "deployment_package_integrity": {
      "status": "PASS",
      "message": "Package integrity verified - 8 directories",
      "timestamp": "04:52:53"
    },
    "configuration_files": {
      "status": "PASS",
      "message": "All 4 configuration files are valid",
      "timestamp": "04:52:53"
    }
  },
  "summary": {
    "total_tests": 7,
    "passed": 6,
    "failed": 1,
    "warnings": 0
  }
}