{
  "webhooks": {
    "lead_created": {
      "endpoint": "https://gfe-backend-837326026335.us-central1.run.app/webhooks/lead-created",
      "events": [
        "data.created"
      ],
      "collection": "GFE_Leads",
      "handler": "handlers/lead-webhook.js",
      "enabled": true
    },
    "quote_requested": {
      "endpoint": "https://gfe-backend-837326026335.us-central1.run.app/webhooks/quote-requested",
      "events": [
        "data.created"
      ],
      "collection": "GFE_Quotes",
      "handler": "handlers/quote-webhook.js",
      "enabled": true
    },
    "project_updated": {
      "endpoint": "https://gfe-backend-837326026335.us-central1.run.app/webhooks/project-updated",
      "events": [
        "data.updated"
      ],
      "collection": "GFE_Projects",
      "handler": "handlers/project-webhook.js",
      "enabled": true
    }
  },
  "global_config": {
    "backend_url": "https://gfe-backend-837326026335.us-central1.run.app",
    "wix_site_id": "5ec64f41-3f5e-4ba1-b9fc-018d3a8681a4",
    "retry_attempts": 3,
    "timeout": 30000,
    "authentication": {
      "type": "api_key",
      "header": "X-API-Key"
    }
  }
}