{
  "site": {
    "metaSiteId": "5ec64f41-3f5e-4ba1-b9fc-018d3a8681a4",
    "accountId": "10d52dd8-ec9b-4453-adbc-6293b99af499",
    "appId": "477baa33-872c-4b41-8f1f-7d5e28a684f2",
    "clientId": "b32df066-e276-4d06-b9ee-18187d7b1439",
    "editorUrl": "https://editor.wix.com/html/editor/web/renderer/edit/b8574bad-dbbc-46a3-8d76-941a7101e5ac?metaSiteId=5ec64f41-3f5e-4ba1-b9fc-018d3a8681a4"
  },
  "backend": {
    "url": "https://gfe-backend-837326026335.us-central1.run.app",
    "endpoints": {
      "ai_analysis": "https://gfe-backend-837326026335.us-central1.run.app/api/ai-analysis",
      "customer_service": "https://gfe-backend-837326026335.us-central1.run.app/api/customer-service",
      "pdf_generation": "https://gfe-backend-837326026335.us-central1.run.app/api/generate-pdf",
      "lead_management": "https://gfe-backend-837326026335.us-central1.run.app/api/leads",
      "window_products": "https://gfe-backend-837326026335.us-central1.run.app/api/window-products"
    }
  },
  "collections": [
    "GFE_Leads",
    "GFE_WindowProducts",
    "GFE_Customers",
    "GFE_Projects",
    "GFE_Quotes",
    "GFE_Contractors",
    "GFE_MarketPrices",
    "GFE_PriceHistory"
  ]
}