{
  "widgets": {
    "ai_window_estimator": {
      "name": "AI Window Estimator",
      "description": "AI-powered window analysis and estimation",
      "file": "ai-window-estimator-widget.html",
      "wix_element_id": "#aiEstimatorWidget",
      "collection": "GFE_Leads",
      "api_endpoints": [
        "https://gfe-backend-837326026335.us-central1.run.app/api/ai-analysis"
      ],
      "features": [
        "image_upload",
        "ai_analysis",
        "cost_estimation",
        "quote_generation"
      ]
    },
    "window_products": {
      "name": "Window Products Browser",
      "description": "Interactive window products catalog",
      "file": "window-products-widget.html",
      "wix_element_id": "#windowProductsWidget",
      "collection": "GFE_WindowProducts",
      "api_endpoints": [
        "https://gfe-backend-837326026335.us-central1.run.app/api/window-products"
      ],
      "features": [
        "product_filtering",
        "brand_selection",
        "price_comparison",
        "quote_request"
      ]
    }
  },
  "global_config": {
    "backend_url": "https://gfe-backend-837326026335.us-central1.run.app",
    "wix_site_id": "5ec64f41-3f5e-4ba1-b9fc-018d3a8681a4",
    "theme": {
      "primary_color": "#1A365D",
      "secondary_color": "#D4AF37",
      "accent_color": "#C0C0C0"
    },
    "assets": {
      "gfe_estimator_icon": "https://static.wixstatic.com/media/10d52d_3ae1e0c1d7e14bc29cfa14bb8e1daae3~mv2.png",
      "ai_window_measure_icon": "https://static.wixstatic.com/media/10d52d_2cdb7f6c24ff4e4794f59e90a50426a8~mv2.png",
      "landscape_logo": "https://static.wixstatic.com/media/10d52d_8f0c20132db94d0d9f695f94fda4b9eb~mv2.png",
      "square_logo": "https://static.wixstatic.com/media/10d52d_ac7573dd43a6475088253b9cebf12832~mv2.png",
      "luxury_home_bg": "https://static.wixstatic.com/media/10d52d_8dfdfdaaa9b245d8ac3ee0fa78472a7a~mv2.png",
      "gridflow_icon": "https://static.wixstatic.com/media/10d52d_a3d4503a473844d18ae66674cf9a61aa~mv2.jpg"
    }
  }
}